name,subName,content,address,contact,operatingHour,amenities,imageUrls
도봉산,서울 북부를 대표하는 암봉과 계곡의 명산,"북한산국립공원 산지로, 뾰족한 암봉과 기암괴석이 압도적인 산입니다. 수려한 계곡이 사방으로 뻗어 서울의 금강산이라 불릴 만큼 경관이 뛰어납니다.",서울특별시 도봉구 도봉동,02-954-2566,14:00 - 17:00,주차장 / 화장실,https://tour.dobong.go.kr/Open_content/images/new_SRIFRI_A1_00058_1.jpg
서울창포원,도심 속에서 만나는 12개 테마 생태 식물원,"도봉산 자락에 조성된 특수 식물원으로 붓꽃원, 약용식물원, 습지원 등 12개 테마 공간으로 구성되어 있습니다. 다양한 생물을 관찰할 수 있고, 자연을 가까이에서 배우는 생태체험 장소입니다.",서울특별시 도봉구 마들로 916 ,02-954-0031 ,07:00~22:00,주차장 / 화장실,https://tour.dobong.go.kr/Open_content/images/new_SRIFRI_A1_00079_2.jpg
우이천과 벚꽃길,봄이면 꽃길이 펼쳐지는 도심 하천 산책로,"총연장 8.3km로 중랑천 지류 중 규모가 가장 큰 하천이며, 봄이면 벚꽃과 개나리가 하천을 따라 만개해 산책하기 좋은 도봉구 대표 명소입니다.",서울특별시 강북구 우이동,,,,https://tour.dobong.go.kr/Open_content/images/new_SRIFRI_A1_00154_01.jpg
둘리뮤지엄,추억의 아기공룡 둘리를 만나는 체험형 박물관,"아기공룡 둘리를 주제로 한 체험형 박물관으로, 만화 속 에피소드를 테마로 꾸민 뮤지엄동과 도서관동으로 구성되어 있습니다. 애니메이션 상영과 체험형 놀이터, 전시, 그림책 열람 공간까지 가족 나들이로 즐기기 좋습니다.",서울특별시 도봉구 시루봉로1길 6,02)990-2200,10:00 - 18:00,주차장 / 화장실,https://tour.dobong.go.kr/Open_Content/images/new_SRIFRI_A1_00128_03.jpg
방학동 은행나무,600년 세월을 간직한 도봉구의 상징 보호수,수령 약 600년에 이르는 거목으로 서울시 지정보호수 제1호이자  서울시 기념물 제33호로지정된 도봉구 대표 문화재입니다. 인근의 연산군묘와 북한산 둘레길과 연결되어 함께 둘러보기 좋은 산책 코스로 이어집니다.,서울특별시 도봉구 도봉로 123길 33-6 ,02-2091-2265,,,https://tour.dobong.go.kr/Open_content/images/new_SRIFRI_A1_00077_1.jpg
연산군묘,조선 제10대 임금의 역사가 남은 왕릉,"조선의 제10대 임금 연산군과 거창군부인 신씨의 묘입니다. 주변에 가족 묘와 함께 조성되어 있으며, 혼유석·장명등·향로석 등 조선 전기 능묘 석물이 비교적 잘 남아 있어 역사적 가치가 큽니다.",서울특별시 도봉구 방학동 산77번지,02-3494-0370,09:00~18:30,,https://tour.dobong.go.kr/Open_content/images/img_SRIFRI_A1_00065_3.gif
무수골,근심 없이 쉬어가는 자연 속 힐링 골짜기,"근심 없는 골짜기라는 뜻을 담고 있으며, 그린벨트 안에 있어 자연 경관이 잘 보존된 등산객 휴식처로 사랑받습니다. 친환경 벼농사와 주말 농장 등이 운영되어 농촌 체험도 즐길 수 있습니다. ",서울특별시 도봉구 도봉동,,,,https://tour.dobong.go.kr/Open_content/images/new_SRIFRI_A1_00130_03.jpg
전형필가옥,우리 문화유산을 지켜낸 간송의 발자취,"간송 전형필 선생의 발자취가 남아있는 곳으로, 일제강점기 빼앗긴 우리 문화유산을 수집·보전하며 민족 문화를 지키는 데 힘쓴 정신을 느낄 수 있습니다.",서울특별시 도봉구 시루봉로 149-18,02-954-5757,09:00 - 18:00,화장실,https://tour.dobong.go.kr/Open_Content/images/new_SRIFRI_A1_00139_01.jpg
함석헌 기념관,사상가 함석헌의 삶과 정신을 만나는 공간,"인권운동가·사상가·언론인이자 독립운동가인 함석헌 선생이 마지막 여생을 보낸 집을 리모델링해 만든 공간으로, 전시실·도서열람실·유리온실·씨알갤러리 등 주민 활용 공간을 갖추었습니다. ",서울특별시 도봉구 도봉로123길 33-6,02-905-7007,09:00 - 18:00,주차장 / 대기공간,https://tour.dobong.go.kr/Open_Content/images/new_SRIFRI_A1_00138_01.jpg
방학동도깨비시장,정겨운 골목 감성이 살아있는 전통시장,"1980년대부터 이어져 온 골목형 재래시장으로, 서울시 우수재래시장으로 선정된 곳입니다.",서울특별시 도봉구 방학로10길 51,02-901-5100,,주차장 ,https://tour.dobong.go.kr/Open_content/images/new_SRIFRI_A1_00076_1.jpg
김수영 문학관,자유와 저항의 시인 김수영을 기리는 문학 공간,"한국을 대표하는 자유시인 김수영 선생을 기리는 공간으로, 도봉구에서 지낸 시절 남긴 작품 세계를 만날 수 있습니다. 도봉산 입구 도봉서원터 아래에는 대표작 '풀'이 새겨진 시비도 함께 자리합니다.",서울특별시 도봉구 해등로32길 80,02-3494-1127,09:00 - 18:00,주차장 / 옥상 / 쉼터,https://tour.dobong.go.kr/Open_Content/images/new_SRIFRI_A1_00137_6.jpg
초안산 근린공원,운동과 휴식을 함께 즐기는 도심 숲 공원,"초안산 자락에 위치해 주민들의 조깅·산책·배드민턴 등 생활체육과 휴식 공간으로 사랑받습니다. 생태연못과 수생식물원이 마련돼 생태체험도 가능하며, '초안산 숲속여행', '초안산 치유의 숲길' 등 산림치유 프로그램도 운영합니다.",서울특별시 도봉구 창동 677 ,02-906-7979,,주차장 / 체력단련시설 / 축구장 / 배드민턴장 / 테니스장,https://tour.dobong.go.kr/Open_content/images/new_SRIFRI_A1_00075_2.jpg
원통사,천년 고찰에서 만나는 도봉산의 수행 공간,"신라 경문왕 3년(863) 도선국사가 창건한 사찰로, 약사전 아래 거북바위에는 태조 이성계의 전설이 담긴 '상공암' 각자가 남아 있습니다. 도봉산의 길지로 알려져 많은 수행자들이 찾았으며, 주변에는 두꺼비·학·거북 등 108가지 형상의 바위가 장관을 이룹니다.",서울특별시 도봉구 도봉로169길 520,02-954-9944,00:00 - 24:00,화장실,https://tour.dobong.go.kr/Open_content/images/new_SRIFRI_A1_00156_01.jpg
천축사,도봉산 깊숙이 자리한 고즈넉한 사찰,도봉산 만장봉 동쪽 기슭에 자리한 사찰입니다. 고려 때 인도 승려 지공이 나옹화상에게 이곳 경관이 천축국 영축산과 닮았다고 한 데서 유래했다고 전해집니다.,서울특별시 도봉구 도봉산길 92-2,02-954-1474 ,,,https://tour.dobong.go.kr/Open_content/images/new_SRIFRI_A1_00157_01.jpg
양효공 안맹담과 정의공주 묘역,조선 왕실 부부의 흔적이 남은 역사 유적,"세종대왕의 둘째 딸 정의공주와 부마인 양효공 안맹담 부부의 묘소입니다. 신도비는 정인지가 비문을 짓고, 부부의 넷째 아들 안빈세가 글씨를 쓴 것으로 알려져 있습니다.",서울특별시 도봉구 방학로 264 ,02-2091-2265 ,,,https://tour.dobong.go.kr/Open_content/images/new_SRIFRI_A1_00159_01.jpg
도봉서원과 각석군,유학자들의 글과 시가 새겨진 바위 명소,"도봉동문 바위부터 복호동천 바위까지 총 11개 바위에 14개의 글씨와 시구가 남아있는 명소로, 송시열·송준길 등 유학자이자 명필가들의 흔적을 가까이에서 볼 수 있습니다. 이 일대는 1573년 조광조를 추모하며 세운 도봉서원 터입니다.",서울특별시 도봉구 도봉산길 90,,,,https://tour.dobong.go.kr/Open_content/images/new_SRIFRI_A1_00066_1.jpg
평화문화진지,옛 군사시설에서 문화공간으로 재탄생한 장소,"과거 대전차방호시설을 리모델링해 시민과 예술인을 위한 문화창작 공간으로 재탄생한 곳으로, 공방·전시실·세미나실 등 다양한 시설과 평화광장·전망대를 갖추고 있습니다. 평화를 상징하는 베를린장벽 전시와 함께 전시·행사·교육 프로그램을 즐길 수 있는 도시재생 대표 공간으로 자리 잡았습니다.",서울특별시 도봉구 마들로 932,02-3494-1970,09:00 - 18:00,주차장 / 화장실,https://tour.dobong.go.kr/Open_Content/images/new_SRIFRI_A1_00173_02.jpg
쌍리단길,개성 있는 로컬 카페와 골목이 모인 거리,"쌍문역 인근 골목에 형성된 로컬 거리로, 카페와 맛집을 둘러보며 가볍게 산책하기 좋습니다. 주민과 상인이 함께 만든 지역 커뮤니티 공간도 만날 수 있습니다.",서울특별시 도봉구 창동 657-78,,,,https://tour.dobong.go.kr/Open_Content/images/SRIFRI_A1_00205_01.jpg
창동역사문화공원,독립운동가의 정신을 기리는 역사 공원,"일제강점기 도봉구 창동에 거주했던 독립운동가들을 기리기 위해 조성된 공간으로, '창동 3사자'로 불리는 가인 김병로·고하 송진우·위당 정인보 선생의 동상이 세워져 있습니다. 청소년과 주민이 함께 만든 평화의 소녀상이 들어서 역사적 교훈과 평화의 의미를 되새길 수 있는 공원입니다.",서울특별시 도봉구 도봉로 552,,,,https://tour.dobong.go.kr/Open_Content/images/new_SRIFRI_A1_00175_01.jpg